2017-12-25 22:33:41.127581,13986.79,2835,737.49,272.54
2017-12-25 22:33:51.553626,13986.79,2835,737.06,272.54
2017-12-26 22:12:52.748396,15947.99,2813.23,747.25,281.1
2017-12-27 16:18:04.205051,15025.03,2641.07,732.25,261.97
2017-12-27 17:36:11.470435,15425.03,2720,736.96,266.57
2017-12-27 17:49:02.591549,15411.21,2709.03,735.99,262.95
2017-12-27 17:50:02.357086,15401,2706.45,736.24,263.68
2017-12-27 17:51:02.143482,15351.67,2707.01,736.27,263.7
2017-12-27 17:52:02.216372,15350.13,2702,736.43,263.41
2017-12-27 17:53:02.235889,15351.67,2703.01,736.98,262.89
2017-12-27 17:54:01.931619,15351.67,2699.36,737.18,263.24
2017-12-27 17:55:03.005146,15351.67,2700.5,737.98,263.21
2017-12-27 17:56:01.655619,15362.31,2694.84,737.99,263.23
2017-12-27 17:57:02.614900,15326.16,2691.15,737.99,263.14
2017-12-27 17:58:02.453513,15274.98,2691,737.1,262.53
2017-12-27 17:59:03.422546,15274.98,2691,737.72,262.63
2017-12-27 18:00:02.187566,15274.98,2691,737.59,262.51
2017-12-27 18:01:02.164520,15290.14,2672.86,738.8,262.51
2017-12-27 18:02:02.038543,15274.98,2674.99,738.68,262.51
2017-12-27 18:03:01.773362,15253.02,2679.23,738.88,262.58
2017-12-27 18:04:02.435217,15233.16,2686.99,738.88,262.5
2017-12-27 18:05:02.878674,15241,2686.01,738.13,262.24
2017-12-27 18:06:02.848646,15241,2686,738.15,262.18
2017-12-27 18:07:02.653773,15241.99,2686.99,738.15,262.18
2017-12-27 18:08:02.683394,15265.43,2690,738.15,262.18
2017-12-27 18:09:02.624776,15270,2692.21,738.16,262.45
2017-12-27 18:10:02.393332,15270,2694.75,738.16,262.81
2017-12-27 18:11:02.082237,15279.83,2694.75,738.16,262.8
2017-12-27 18:12:01.741740,15282,2694.75,738.16,262.8
2017-12-27 18:13:02.517999,15319.99,2690.85,738.24,262.8
2017-12-27 18:14:02.482297,15333.99,2683.78,738.7,262.88
2017-12-27 18:15:02.552195,15333.99,2690.01,738.99,262.99
2017-12-27 18:16:03.213257,15346.99,2690.01,738.99,263.18
2017-12-27 18:17:02.793316,15318.66,2694.75,738.99,263.18
2017-12-27 18:18:02.654767,15288.99,2694.75,738.99,263.18
2017-12-27 18:19:02.647137,15292.09,2694.75,738.99,263.18
2017-12-27 18:20:02.518256,15295.27,2690,738.15,263.18
2017-12-27 18:21:02.582026,15331.84,2690,738,263.15
2017-12-27 18:22:02.491969,15315.85,2690,737.08,263.15
2017-12-27 18:23:03.245336,15328.8,2690,738.04,263.15
2017-12-27 18:24:01.979648,15349.89,2693.99,738.98,263.15
2017-12-27 18:25:02.818961,15365.41,2694.9,739.02,263.15
2017-12-27 18:26:02.732113,15379.99,2694.9,739.84,263.15
2017-12-27 18:27:02.713614,15385.54,2694.99,739.95,263.15
2017-12-27 18:28:04.740824,15385.5,2700.94,739.96,263.15
2017-12-27 18:29:02.510790,15379.99,2708.86,739.96,263.15
2017-12-27 18:30:02.290213,15364.49,2708.89,739.99,263.16
2017-12-27 18:31:02.533637,15344.44,2708.89,739.99,263.22
2017-12-27 18:32:02.414310,15345.48,2708.89,740.49,263.22
2017-12-27 18:33:02.438300,15375.93,2708.89,741.5,263.24
2017-12-27 18:34:02.879972,15392.3,2708.89,742.22,263.24
2017-12-27 18:35:02.639873,15392.3,2703.5,741.5,263.24
2017-12-27 18:36:02.374205,15404.51,2705.19,742.43,263.24
2017-12-27 18:37:02.166392,15433.22,2711.12,742.88,263.24
2017-12-27 18:38:02.139057,15445.98,2723.99,742.87,263.24
2017-12-27 18:39:01.891254,15449.99,2729.32,741.66,263.24
2017-12-27 18:40:02.634682,15449.99,2729.31,742.85,263.24
2017-12-27 18:41:02.425951,15461.5,2727.73,742.86,263.32
2017-12-27 18:42:02.071875,15409.99,2727.75,742.85,263.51
2017-12-27 18:43:01.852135,15409.99,2722.03,742.85,263.51
2017-12-27 18:44:02.594245,15410.99,2725.97,742.85,263.51
2017-12-27 18:45:02.240765,15410.99,2720.05,743.36,263.7
2017-12-27 18:46:02.056186,15460.99,2725.89,743.39,263.7
2017-12-27 18:47:02.283412,15433.23,2720.25,743.39,263.7
2017-12-27 18:48:02.674096,15439.63,2721,742.02,264.16
2017-12-27 18:49:02.551963,15439.97,2722,742.01,264.16
2017-12-27 18:50:02.290085,15430.99,2722.01,742.01,264.16
2017-12-27 18:51:02.158490,15430,2722,742.38,264.16
2017-12-27 18:52:01.921538,15430,2722,742,264.16
2017-12-27 18:53:02.582727,15430,2721,742,264.16
2017-12-27 18:54:02.549519,15360.02,2713.44,739.06,264.16
2017-12-27 18:55:02.416601,15399.99,2714.65,740.99,264.16
2017-12-27 18:56:02.383353,15367.25,2710,740.49,264.17
2017-12-27 18:57:02.453018,15386.98,2710,740.17,264.33
2017-12-27 18:58:02.589851,15395.71,2710,740.49,264.39
2017-12-27 18:59:02.585803,15395.71,2710,739.99,264.39
2017-12-27 19:00:02.592075,15360,2714.95,739.99,264.39
2017-12-27 19:01:02.429782,15395.81,2714.94,739.99,264.39
2017-12-27 19:02:02.531368,15417.16,2714.99,739.99,264.39
2017-12-27 19:03:02.396621,15417,2714.99,739.99,264.52
2017-12-27 19:04:02.248300,15417.01,2719.99,741.66,264.52
2017-12-27 19:05:01.990176,15375.94,2723.73,741.5,264.53
2017-12-27 19:06:02.843896,15390.56,2715.11,741.4,264.53
2017-12-27 19:07:02.605608,15385.08,2716,741.4,264.53
2017-12-27 19:08:02.309778,15385.08,2718.28,740.52,264.53
2017-12-27 19:09:02.225470,15385.99,2722.66,741,264.87
2017-12-27 19:10:02.031910,15389.84,2722.94,741.46,264.99
2017-12-27 19:11:01.778001,15399.98,2722.99,741.49,265.69
2017-12-27 19:12:02.411174,15399.99,2722.99,741.93,265.87
2017-12-27 19:13:02.275427,15403.99,2723.77,739.99,265.87
2017-12-27 19:14:02.033589,15404.99,2723.77,739.99,265.94
2017-12-27 19:15:01.906897,15405.98,2723.77,739.99,265.95
2017-12-27 19:16:02.868807,15406.28,2722.9,739.99,265.99
2017-12-27 19:17:02.971377,15423.54,2723.78,739.99,265.99
2017-12-27 19:18:02.867209,15431.11,2723.78,739.99,265.99
2017-12-27 19:19:02.606144,15431.11,2723.78,739.98,265.99
2017-12-27 19:20:02.553988,15431.11,2723.78,739.81,265.3
2017-12-27 19:21:02.372534,15431.11,2719.24,739.81,265.31
2017-12-27 19:22:02.442034,15431.11,2714.94,739.81,265.34
2017-12-27 19:23:02.080464,15431.11,2714.94,739.81,265.58
2017-12-27 19:24:01.977506,15431.11,2711,739.83,265.52
2017-12-27 19:25:02.710335,15431.11,2710.41,739.84,265.75
2017-12-27 19:26:02.502077,15406.29,2708.1,739.84,265.38
2017-12-27 19:27:02.567400,15360,2701.35,739.83,264.57
2017-12-27 19:28:02.424613,15321.53,2700,739,264.5
2017-12-27 19:29:02.360074,15264.42,2690,735.98,264.41
2017-12-27 19:30:02.235936,15263.28,2696.98,735.81,264.16
2017-12-27 19:31:01.988860,15229.8,2690.67,731.6,263.51
2017-12-27 19:32:03.849294,15164.92,2675.3,730.83,263.1
2017-12-27 19:33:02.479506,15220.01,2685.97,733.53,263.09
2017-12-27 19:34:03.220626,15163,2685.97,735.04,263.09
2017-12-27 19:35:01.985436,15212.36,2685.97,735.68,263.09
2017-12-27 19:36:02.724185,15230.3,2685.97,735.67,263.09
2017-12-27 19:37:02.581675,15212.36,2685.97,735.4,263.09
2017-12-27 19:38:02.351540,15212.36,2685.97,734.07,263.39
2017-12-27 19:39:02.193150,15212.36,2685.97,734.09,263.48
2017-12-27 19:40:02.170139,15236.65,2691.31,735.67,263.94
2017-12-27 19:41:02.047430,15236.65,2691.31,736.84,263.5
2017-12-27 19:42:01.923152,15217.84,2688,737.5,263.64
2017-12-27 19:43:02.814023,15226.32,2687.99,737.5,263.48
2017-12-27 19:44:02.672714,15226.32,2686.24,737.5,263.45
2017-12-27 19:45:02.553454,15226.32,2685,737.5,263.65
2017-12-27 19:46:02.607925,15217.84,2681,732.1,263.15
2017-12-27 19:47:02.499403,15188,2681,730.46,263.1
2017-12-27 19:48:02.404353,15139.18,2681,729.21,262.45
2017-12-27 19:49:02.073224,15110,2679.01,729.21,262.14
2017-12-27 19:50:01.877096,15157.85,2677,731.73,262.14
2017-12-27 19:51:02.840623,15105.02,2674.07,729.57,262.05
2017-12-27 19:52:02.497250,15109.99,2663.01,729,261.04
2017-12-27 19:53:03.404320,15144.07,2663.01,728.72,261.58
2017-12-27 19:54:02.151661,15150,2663.02,729.99,261.88
2017-12-27 19:55:01.896453,15167.31,2663.48,729.99,261.99
2017-12-27 19:56:03.817545,15195.21,2665.64,731.19,262.15
2017-12-27 19:57:02.845317,15195.2,2674.99,732.63,262.17
2017-12-27 19:58:02.694976,15194.99,2674.99,733.98,262.68
2017-12-27 19:59:02.463985,15209.96,2674.99,735.29,262.68
2017-12-27 20:00:02.572609,15213.29,2674.99,737,262.7
2017-12-27 20:01:02.519918,15219.97,2674.99,735.53,262.93
2017-12-27 20:02:02.485704,15248.98,2674.99,735.53,262.41
2017-12-27 20:03:03.054358,15220,2674.9,735,262.23
2017-12-27 20:04:01.965126,15227.54,2674.9,734.9,262.75
2017-12-27 20:05:02.828779,15249.99,2674.9,734.08,262.95
2017-12-27 20:06:02.626496,15264.57,2674.9,735.38,262.98
2017-12-27 20:07:02.605589,15274.99,2674.9,735.45,262.99
2017-12-27 20:08:03.079961,15274.99,2674.9,736.03,262.43
2017-12-27 20:09:01.807130,15274,2675.08,735.93,262.14
2017-12-27 20:10:03.010929,15274,2675,735.93,262.9
2017-12-27 20:11:01.861561,15270,2675,735.9,262.7
2017-12-27 20:12:02.788861,15270,2675,735.9,262.7
2017-12-27 20:13:02.587871,15219.97,2675,734.93,262.12
2017-12-27 20:14:02.535863,15176.9,2675,733.84,261.6
2017-12-27 20:15:02.390173,15153.26,2675,733.92,261.52
2017-12-27 20:16:02.395290,15229.97,2675,733.7,262.11
2017-12-27 20:17:02.732047,15256.47,2675.08,731.57,262.22
2017-12-27 20:18:02.737193,15256.47,2675.01,729.99,261.71
2017-12-27 20:19:02.647565,15259.99,2675,729.99,262.24
2017-12-27 20:20:03.487453,15259.99,2675.99,732.13,262.43
2017-12-27 20:21:02.273227,15259,2680.46,729.99,262.29
2017-12-27 20:22:02.167654,15259.99,2684.99,731.9,261.99
2017-12-27 20:23:02.117456,15259.99,2688.99,732.58,262.09
2017-12-27 20:24:02.007843,15301.99,2689.91,733.64,262.1
2017-12-27 20:25:02.056865,15348.32,2679.99,734.13,262.38
2017-12-27 20:26:01.810450,15356.99,2679.99,734.19,262.4
2017-12-27 20:27:02.710755,15356.99,2675.16,729.99,262.4
2017-12-27 20:28:02.793773,15356.99,2679.99,729.99,262.83
2017-12-27 20:29:02.680782,15356.99,2678.52,733.1,263.78
2017-12-27 20:30:03.751998,15356.99,2679.98,733,263.78
2017-12-27 20:31:03.994513,15357.67,2684.97,733.81,263.78
2017-12-27 20:32:03.085671,15357.67,2684.97,733.98,263.78
2017-12-27 20:33:01.941372,15391.03,2684.97,733.98,263.78
2017-12-27 20:34:02.807364,15393.02,2684.96,733.98,263.78
2017-12-27 20:35:02.688718,15393.02,2685.1,733.98,263.65
2017-12-27 20:36:02.709059,15393.02,2689.82,734.19,263.65
2017-12-27 20:37:03.106922,15393,2689.82,734.25,263.25
2017-12-27 20:38:01.960100,15390,2680.07,734.25,263.15
2017-12-27 20:39:03.016197,15332,2680.09,734.25,263.15
2017-12-27 20:40:01.759129,15301.77,2680.09,734.25,262.9
2017-12-27 20:41:02.523720,15300.74,2684.5,734.25,262.85
2017-12-27 20:42:02.430145,15300.01,2687,733.42,262.71
2017-12-27 20:43:02.311580,15330.25,2679,733.98,262.43
2017-12-27 20:44:02.192037,15337.61,2679,729.99,262.42
2017-12-27 20:45:01.943509,15339.47,2676.88,729.99,262.4
2017-12-27 20:46:02.973948,15339.47,2679,733.06,262.41
2017-12-27 20:47:02.956988,15360.96,2649.99,733.11,262.99
2017-12-27 20:48:02.721882,15383.99,2674.98,732.99,262.99
2017-12-27 20:49:02.706534,15383.95,2674.98,732.99,262.99
2017-12-27 20:50:02.588113,15383.95,2675.12,733,262.99
2017-12-27 20:51:02.640387,15383.95,2677.81,733,262.92
2017-12-27 20:52:02.718685,15329.95,2677.81,733,262.65
2017-12-27 20:53:02.847013,15353.96,2677.06,733,262.81
2017-12-27 20:54:02.887377,15378.09,2673.19,733.49,262.81
2017-12-27 20:55:02.898787,15357.04,2676.99,733.55,262.68
2017-12-27 20:56:02.651343,15369.99,2676.99,733.91,262.81
2017-12-27 20:57:03.194801,15379.99,2677.81,733.91,262.99
2017-12-27 20:58:02.081634,15399.99,2679.99,733.99,262.99
2017-12-27 20:59:01.874743,15425.27,2679.99,734.25,263.04
2017-12-27 21:00:02.736304,15442.32,2679.99,734.25,263.49
2017-12-27 21:01:02.464719,15485.46,2699.98,736.26,263.59
2017-12-27 21:02:02.401550,15487,2699.98,738,263.92
2017-12-27 21:03:02.243571,15488.99,2699.99,739.03,263.95
2017-12-27 21:04:02.157814,15446.19,2699.99,739.05,263.95
2017-12-27 21:05:02.070500,15420,2699,739.48,263.43
2017-12-27 21:06:02.019398,15380,2693,737.34,263
2017-12-27 21:07:01.894311,15449.99,2698.99,739.09,263.49
2017-12-27 21:08:02.894574,15435,2690.48,737.55,263.49
2017-12-27 21:09:02.669694,15422.84,2698.99,737.88,263.89
2017-12-27 21:10:02.325863,15390,2697.34,737.99,263.46
2017-12-27 21:11:02.312041,15390,2691.59,737.99,263.45
2017-12-27 21:12:02.052326,15361.93,2683.35,737.2,262.26
2017-12-27 21:13:02.047962,15361,2680.16,735.21,262.94
2017-12-27 21:14:01.851990,15330,2674.11,735.21,262.94
2017-12-27 21:15:02.542452,15300,2671,734.56,262
2017-12-27 21:16:02.404055,15321.74,2658.9,733.01,261.97
2017-12-27 21:17:02.356936,15299.99,2658.69,734.53,261.97
2017-12-27 21:18:02.360203,15299.99,2653,734.56,262.5
2017-12-27 21:19:02.246370,15261.91,2646,729.5,261.71
2017-12-27 21:20:02.026665,15261.91,2642.92,729.88,261.74
2017-12-27 21:21:01.857600,15261.91,2641.49,729.99,261.65
2017-12-27 21:22:02.852041,15261.91,2640.12,729.99,261.55
2017-12-27 21:23:02.618820,15261.91,2640.11,729.99,261.55
2017-12-27 21:24:02.494249,15261.91,2641.36,729.99,261.88
2017-12-27 21:25:02.908336,15294.95,2641.03,729.99,261.88
2017-12-27 21:26:05.209358,15294.95,2641.36,730.66,261.88
2017-12-27 21:27:02.159851,15294.95,2641.37,731.53,261.99
2017-12-27 21:28:02.156595,15294.95,2644.36,732.54,261.99
2017-12-27 21:29:02.127277,15265.01,2644.46,732.52,261.99
2017-12-27 21:30:02.249096,15268.4,2651.6,732.99,261.97
2017-12-27 21:31:02.442590,15250,2651.05,732.99,261.34
2017-12-27 21:32:02.327304,15195.82,2640,730.54,260.6
2017-12-27 21:33:02.279923,15148.37,2614.38,729.99,258.49
2017-12-27 21:34:02.021698,15184.98,2614.38,729.99,259.11
2017-12-27 21:35:01.885095,15162.04,2619.04,729.99,260.07
2017-12-27 21:36:02.780628,15175.47,2619.04,729.62,260.07
2017-12-27 21:37:02.935984,15188,2619.04,729.63,260.31
2017-12-27 21:38:09.052532,15050,2619.04,729.63,260
2017-12-27 21:39:01.689612,14970,2591.78,726.06,258
2017-12-27 21:40:03.708615,14882,2592.17,723,256.41
2017-12-27 21:41:02.471023,14918.69,2580.72,720.51,256.12
2017-12-27 21:42:02.260138,14978.68,2582.98,722.66,256.82
2017-12-27 21:43:02.165411,14918.02,2568.46,722,256.83
2017-12-27 21:44:01.777334,14857.5,2547.21,713.03,256
2017-12-27 21:45:02.747971,14823,2520.01,711.01,256
2017-12-27 21:46:02.747806,14730,2528.16,710.16,255.01
2017-12-27 21:47:02.555777,14743,2521.73,710,255.97
2017-12-27 21:48:02.406954,14705,2511.17,709.23,255.44
2017-12-27 21:49:02.135887,14610,2502.73,705,254.36
2017-12-27 21:50:01.802710,14528.02,2500,701.1,252
2017-12-27 21:51:02.597655,14584.95,2500.23,701.03,251.38
2017-12-27 21:52:02.615994,14357.01,2456.68,701,250.35
2017-12-27 21:53:02.373072,14326.93,2424.07,700,250
2017-12-27 21:54:02.147716,14202.09,2420.04,689.04,243.76
2017-12-27 21:55:01.814833,14289.95,2424.03,688.65,246.21
2017-12-27 21:56:02.724353,14486.56,2484.8,703.04,248.54
2017-12-27 21:57:02.721890,14600.04,2486.4,704.41,252.25
2017-12-27 21:58:02.389467,14635.84,2498.97,705.15,254.29
2017-12-27 21:59:02.057568,14451.01,2476.87,696,249.09
2017-12-27 22:00:01.904176,14450,2456.65,695.23,249.58
2017-12-27 22:01:02.718195,14576.3,2463.64,699.01,249.58
2017-12-27 22:02:02.541777,14665,2486.62,704.99,251.9
2017-12-27 22:03:02.218861,14609.95,2495,705,251.37
2017-12-27 22:04:02.094973,14441.11,2454.47,700,250
2017-12-27 22:05:01.989139,14520.04,2474.98,702.63,249.07
2017-12-27 22:06:02.953150,14450,2484.57,701.01,248.5
2017-12-27 22:07:02.772786,14321,2470.12,695.03,247.51
2017-12-27 22:08:02.466907,14437.03,2470.17,696.04,247.99
2017-12-27 22:09:02.118111,14481.38,2480.25,699.99,248.01
2017-12-27 22:10:01.955797,14520.09,2490,699.6,249.72
2017-12-27 22:11:02.855478,14474.21,2494.33,699.91,249.24
2017-12-27 22:12:02.629746,14403.55,2490.7,699.66,248.71
2017-12-27 22:13:02.762914,14625.14,2508.36,702.98,250.17
2017-12-27 22:14:02.556217,14649.99,2547.25,708.03,251.48
2017-12-27 22:15:02.442528,14609.98,2547.51,710,252.44
2017-12-27 22:16:02.292154,14639.99,2527.77,710,252.29
2017-12-27 22:17:02.267585,14680.01,2546.59,709.08,252.89
2017-12-27 22:18:02.126541,14697.99,2555.96,709.44,252.89
2017-12-27 22:19:01.910957,14633.51,2542.1,709.53,251.54
2017-12-27 22:20:02.664500,14660,2549.33,710.99,251.46
2017-12-27 22:21:03.138014,14681.63,2554.98,711.74,252.32
2017-12-27 22:22:01.906763,14772.57,2556.13,714.03,252.53
2017-12-27 22:23:02.636992,14724.99,2565.11,714.98,253.49
2017-12-27 22:24:02.517914,14658.61,2571.65,712.75,253
2017-12-27 22:25:02.288555,14564,2535.99,709.99,251
2017-12-27 22:26:02.444995,14626.03,2538.5,711.33,250.77
2017-12-27 22:27:02.780874,14657.01,2553.58,713.51,251.86
2017-12-27 22:28:02.776124,14608.31,2540.46,711.82,251.4
2017-12-27 22:29:03.019809,14432.39,2521.08,705,249.27
2017-12-27 22:30:03.007664,14385.02,2500,701.13,248.5
2017-12-27 22:31:01.797900,14500,2510.26,706.66,250.51
2017-12-27 22:32:02.475374,14497.5,2519.09,708.04,249.99
2017-12-27 22:33:02.369462,14433.19,2517.74,706.5,249.17
2017-12-27 22:34:02.057075,14383.23,2516.44,704.1,247.93
2017-12-27 22:35:01.904202,14326.01,2518,702.38,247.7
2017-12-27 22:36:02.846080,14152.66,2505.01,697.51,246.39
2017-12-27 22:37:02.727789,14149.99,2483.25,696.66,243.73
2017-12-27 22:38:02.879462,14073.17,2472.87,695,243.46
2017-12-27 22:39:03.614455,14025.6,2455.24,694.97,243.35
2017-12-27 22:40:02.502208,13999.99,2426.07,693,241.72
2017-12-27 22:41:02.281125,14170.99,2459.38,698.14,244.38
2017-12-27 22:42:02.068026,14328,2488.1,703.6,246.35
2017-12-27 22:43:01.801658,14174.6,2475.68,698.14,243.31
2017-12-27 22:44:02.551900,14236.07,2484.99,701.62,245.63
2017-12-27 22:45:02.433998,14361.69,2492.14,703.99,247
2017-12-27 22:46:02.598830,14449.99,2533.22,707.13,247.98
2017-12-27 22:47:02.402940,14301,2510.09,701.61,246.43
2017-12-27 22:48:02.295427,14407.17,2521.9,705.01,247.05
2017-12-27 22:49:02.991899,14340.01,2530.41,705,247.03
2017-12-27 22:50:02.789174,14380.15,2530.82,706.4,247
2017-12-27 22:51:02.668591,14315.64,2530.43,703.97,246.72
2017-12-27 22:52:03.053372,14433,2530.43,704.99,246.96
2017-12-27 22:53:01.809137,14515.22,2547.67,706.99,247.99
2017-12-27 22:54:02.693989,14475.99,2562.08,706.99,248.52
2017-12-27 22:55:02.621936,14500.01,2555.14,706.9,248
2017-12-27 22:56:02.546468,14488.73,2567,709.1,247.56
2017-12-27 22:57:02.338150,14500.15,2564.13,709.02,247.96
2017-12-27 22:58:02.228422,14400.09,2541.05,705.94,247.11
2017-12-27 22:59:02.752765,14464.85,2549.14,708.26,247.57
2017-12-27 23:00:03.387462,14441.68,2554,708.9,247.33
2017-12-27 23:01:02.409190,14500.53,2551.99,709.65,247.49
2017-12-27 23:02:02.345438,14467,2557.67,709.03,247.44
2017-12-27 23:03:02.021569,14432.5,2531.47,705.31,247.01
2017-12-27 23:04:01.953617,14395.98,2526.57,705.06,246.91
2017-12-27 23:05:03.603377,14332,2521.95,705.95,246.12
2017-12-27 23:06:02.297019,14190.04,2510,701.5,242.83
2017-12-27 23:07:02.509108,14192.15,2501,700.01,244.46
2017-12-27 23:08:02.270573,14300.01,2506.54,701.99,246
2017-12-27 23:09:01.968996,14256.67,2513.35,701.99,244.99
2017-12-27 23:10:03.006076,14349.99,2523.51,701.99,244.99
2017-12-27 23:11:01.966885,14440.7,2536.93,709.16,246.84
2017-12-27 23:12:03.253096,14433.23,2536.04,707.71,246.99
2017-12-27 23:13:01.940987,14405.64,2542.59,708.93,246.99
2017-12-27 23:14:02.716615,14416.87,2530.53,708.25,247.49
2017-12-27 23:15:02.689933,14425,2526.32,708.26,246.82
2017-12-27 23:16:02.808121,14416.55,2522.97,708.72,247.12
2017-12-27 23:17:02.459716,14483.85,2530,708.99,247.27
2017-12-27 23:18:02.520936,14499.99,2527.5,708.99,247.67
2017-12-27 23:19:02.311534,14611.09,2549.99,711.37,249.74
2017-12-27 23:20:02.104814,14610,2559.95,712.84,249.91
2017-12-27 23:21:02.185264,14497.5,2527.84,709.99,249
2017-12-27 23:22:02.092525,14491.01,2531.85,712.16,249.74
2017-12-27 23:23:01.983488,14599.98,2550.99,714.76,249.82
2017-12-27 23:24:03.051785,14650,2554.99,714.89,249.95
2017-12-27 23:25:02.148526,14625.13,2553.86,714.9,249.95
2017-12-27 23:26:02.134521,14647.5,2554.98,714.9,250.19
2017-12-27 23:27:02.156806,14592.23,2554.98,714.9,251
2017-12-27 23:28:01.929088,14572.51,2554.5,713.01,251.69
2017-12-27 23:29:03.142658,14599.99,2552.03,710.42,251
2017-12-27 23:30:02.249395,14628.99,2559.95,713.98,251.97
2017-12-27 23:31:01.949357,14699.99,2567.95,714.28,252
2017-12-27 23:32:03.042029,14760.09,2586.64,717.97,253.19
2017-12-27 23:33:01.691240,14704.99,2584,717.26,252.83
2017-12-27 23:34:02.678776,14725,2585.87,718.66,253.15
2017-12-27 23:35:03.616648,14700,2585.01,719,253.04
2017-12-27 23:36:02.717276,14674.33,2571.15,719.29,253.04
2017-12-27 23:37:03.137982,14550,2558.87,716.82,251.5
2017-12-27 23:38:02.001529,14623.54,2554.79,716.9,251.61
2017-12-27 23:39:02.101106,14575.02,2565.5,716.99,251.63
2017-12-27 23:40:02.284980,14568.06,2561.03,716.99,251.14
2017-12-27 23:41:02.146185,14580.01,2561.03,716.99,251.14
2017-12-27 23:42:02.028978,14580.01,2554.76,715.84,250.52
2017-12-27 23:43:02.044141,14610.15,2556.65,716.99,251.09
2017-12-27 23:44:01.831078,14595,2559.62,716.11,251.09
2017-12-27 23:45:02.519318,14600.04,2560.01,716.8,251.14
2017-12-27 23:46:02.273896,14586.88,2566.62,716.8,251.14
2017-12-27 23:47:02.041959,14449.49,2546.43,709.93,250
2017-12-27 23:48:01.845121,14460.04,2529.96,711.8,249.77
2017-12-27 23:49:02.731485,14517.98,2534.99,711.98,249.99
2017-12-27 23:50:02.503368,14514.55,2539.3,712.02,249.99
2017-12-27 23:51:02.154504,14555.83,2541.99,712.02,250.16
2017-12-27 23:52:02.116925,14538.18,2540.3,712.03,250.53
2017-12-27 23:53:01.922155,14499.98,2521.03,712.03,250.18
2017-12-27 23:54:02.997411,14410,2514.04,708.32,249.01
2017-12-27 23:55:01.773741,14411.94,2520.89,708,249.03
2017-12-27 23:56:02.544431,14460.98,2524.66,709.94,249.03
2017-12-27 23:57:02.780409,14403,2529.2,707.23,249
2017-12-27 23:58:02.681348,14410.01,2528.97,707.9,248.99
2017-12-27 23:59:02.593059,14404.99,2524.79,708.01,248.97
2017-12-28 00:00:02.855197,14469.99,2525.03,709.48,249.99
2017-12-28 00:01:02.684194,14521.24,2530.97,709.81,249.98
2017-12-28 00:02:02.497602,14499,2536.52,709.81,250.35
2017-12-28 00:03:02.378130,14499,2537.82,708.33,250.55
2017-12-28 00:04:02.337773,14445,2536.41,707.3,250
2017-12-28 00:05:02.457024,14427.59,2529.01,707.79,249.23
2017-12-28 00:06:02.237578,14427.59,2530.5,707,249.01
2017-12-28 00:07:02.261161,14402,2530.1,705,248.99
2017-12-28 00:08:02.418455,14300.01,2508,703.5,248.25
2017-12-28 00:09:02.209315,14256,2505.25,703,247.5
2017-12-28 00:10:01.967299,14353.56,2503.34,702.51,247.76
2017-12-28 00:11:02.834407,14279.14,2509.07,702.51,247.51
2017-12-28 00:12:02.776038,14287.39,2501.23,700.99,247.33
2017-12-28 00:13:02.674137,14285.06,2501.03,700.61,247.72
2017-12-28 00:14:02.479557,14250,2502.01,700.61,247.2
2017-12-28 00:15:02.917857,14216.99,2502,700.5,247
2017-12-28 00:16:02.568770,14265,2501.38,700.5,246.6
2017-12-28 00:17:02.375308,14260.82,2485.25,700.5,246.63
2017-12-28 00:18:02.344063,14161.74,2486,696.04,245.28
2017-12-28 00:19:02.261035,14105,2470.84,695,245.01
2017-12-28 00:20:01.939984,14051,2466.01,694.86,244.47
2017-12-28 00:21:02.985444,14037.99,2466,693.6,243.18
2017-12-28 00:22:02.777324,14033.8,2435.2,691.56,243.31
2017-12-28 00:23:02.404274,14063.02,2451.88,691.1,243.6
2017-12-28 00:24:02.167405,14161.96,2452.99,696,245.27
2017-12-28 00:25:02.048689,14180.01,2477.84,698.81,245.79
2017-12-28 00:26:01.950842,14087.01,2455.51,696.6,246
2017-12-28 00:27:02.641688,14150.1,2476.58,696.6,246.47
2017-12-28 00:28:02.307491,14183.27,2484.91,696.92,246.34
2017-12-28 00:29:02.012068,14190.46,2501.15,700.05,246.71
2017-12-28 00:30:01.821812,14223.79,2498.81,701.58,246.88
2017-12-28 00:31:02.873448,14300.01,2501.91,704.08,248.7
2017-12-28 00:32:03.434362,14241.44,2489.82,704.15,248.7
2017-12-28 00:33:02.181541,14224,2492.81,701.6,248.7
2017-12-28 00:34:01.835200,14160,2483.09,698.62,247.42
2017-12-28 00:35:03.316037,14087.24,2483.01,698.57,246.49
2017-12-28 00:36:01.973233,14109.65,2480.01,698.57,246.37
2017-12-28 00:37:02.870373,14139.99,2484.97,698.91,246.45
2017-12-28 00:38:02.729119,14115.99,2481.24,698.01,246.37
2017-12-28 00:39:02.483450,14141.52,2486.22,698.61,246.81
2017-12-28 00:40:02.170981,14152.99,2496.52,699.33,246.81
2017-12-28 00:41:01.841176,14153,2496.14,699.7,246.97
2017-12-28 00:42:02.791538,14078.08,2484,694.13,246
2017-12-28 00:43:02.512912,14020,2475.11,693,243.41
2017-12-28 00:44:02.277214,13955.77,2466.7,691,243.57
2017-12-28 00:45:01.981246,13901,2449.64,690.52,242.99
2017-12-28 00:46:02.626192,13806,2433.06,687.5,242.1
2017-12-28 00:47:02.399075,13915.04,2438.12,688.38,244.22
2017-12-28 00:48:02.065559,13998.98,2455.92,692.51,244.41
2017-12-28 00:49:01.758877,13998.98,2466.06,692.51,244.7
2017-12-28 00:50:02.801069,13949.99,2457,690.75,244.51
2017-12-28 00:51:02.679961,13986.99,2457.99,692.35,244.25
2017-12-28 00:52:02.451675,14100,2471.94,694.48,244.59
2017-12-28 00:53:02.643849,13950.06,2472.38,694.47,244.6
2017-12-28 00:54:02.744212,13981.01,2465.98,694.09,244.6
2017-12-28 00:55:02.668200,13940.09,2459.17,693.18,243.99
2017-12-28 00:56:02.657964,13900.58,2446.09,690.98,243.31
2017-12-28 00:57:02.445356,13814.21,2430.53,685.64,242.1
2017-12-28 00:58:02.320434,13826.05,2427.8,687.43,242.4
2017-12-28 00:59:02.130685,13920.55,2433.5,688.29,242.71
2017-12-28 01:00:01.791077,13870,2441.56,690.85,242.67
2017-12-28 01:01:02.685784,13866.94,2442.82,690.41,242.69
2017-12-28 01:02:02.502537,13886.37,2443.87,690.9,242.73
2017-12-28 01:03:02.311473,14000.04,2454.98,692.9,242.99
2017-12-28 01:04:02.091516,13973.92,2455.41,692.76,243
2017-12-28 01:05:01.973143,13953.75,2457.26,692.76,243.43
2017-12-28 01:06:02.648243,13900.01,2457.14,690.74,243.77
2017-12-28 01:07:02.340136,13878.21,2429.67,690,243.43
2017-12-28 01:08:02.178643,13956.66,2447.99,690.94,243.43
2017-12-28 01:09:01.927476,13915.14,2440.96,691,243.43
2017-12-28 01:10:02.806555,13924,2443.73,690,243.43
2017-12-28 01:11:02.644961,13987.98,2450.02,694.62,244.49
2017-12-28 01:12:02.531184,14049.96,2458.52,693.87,244.76
2017-12-28 01:13:02.400898,14045,2459.95,693.7,244.9
2017-12-28 01:14:02.050839,14090,2464.98,694.72,244.9
2017-12-28 01:15:01.931934,14040.98,2466.07,693.62,244.99
2017-12-28 01:16:02.825451,14049.79,2472.11,695.22,244.99
2017-12-28 01:17:02.495280,14020,2464.01,695.98,244.99
2017-12-28 01:18:03.988194,14009.94,2450.95,695.5,244.99
2017-12-28 01:19:02.928958,14049.84,2466.98,697.2,245.55
2017-12-28 01:20:02.704053,14050.02,2477.99,697.2,245.91
2017-12-28 01:21:02.585021,13983.91,2468,696.35,245.1
2017-12-28 01:22:02.629587,13918.05,2450.18,695,244.16
2017-12-28 01:23:02.556897,13857.61,2439.38,691.38,243.58
2017-12-28 01:24:02.356740,13935.1,2450.1,691.39,244.58
2017-12-28 01:25:02.243925,13989.98,2451.75,691.39,244.49
2017-12-28 01:26:02.416665,13915.02,2441.95,691.4,244.4
2017-12-28 01:27:02.206832,13961,2446.63,692,244.16
2017-12-28 01:28:02.281340,13961.01,2450.65,692.37,244.24
2017-12-28 01:29:02.041353,13960,2447.59,692.89,244.3
2017-12-28 01:30:02.066787,13984.98,2448.87,694.39,244.3
2017-12-28 01:31:01.982094,14034.99,2452.83,694.39,244.69
2017-12-28 01:32:03.030383,14070.05,2467.27,694.59,244.69
2017-12-28 01:33:01.815276,14111.99,2470,695.99,244.99
2017-12-28 01:34:02.681090,14111.91,2470.12,696.55,247.24
2017-12-28 01:35:02.330511,14144.99,2470.1,697.24,246.98
2017-12-28 01:36:02.087143,14104.83,2456.13,697.27,246.99
2017-12-28 01:37:02.068058,14088,2463.42,696,246.64
2017-12-28 01:38:02.117471,14050.22,2457.28,696,246.17
2017-12-28 01:39:01.970909,14098.98,2462.76,696.99,246.33
2017-12-28 01:40:02.758298,14070,2463.46,696.99,246.33
2017-12-28 01:41:02.437417,14070.01,2466,696.99,246.33
2017-12-28 01:42:02.287609,14090.45,2469.93,696.41,246.34
2017-12-28 01:43:02.294539,14090.45,2467.4,696.41,246.34
2017-12-28 01:44:02.218101,14050.22,2467.41,695.57,245.76
2017-12-28 01:45:01.946390,14032.12,2465.11,695.2,245.35
2017-12-28 01:46:02.914195,13994.75,2458.23,693,244.29
2017-12-28 01:47:02.696808,13871.58,2446,690.21,243.57
2017-12-28 01:48:02.579585,13958.88,2444.99,691.07,243.57
2017-12-28 01:49:02.582970,13927.72,2445.02,691.07,243.63
2017-12-28 01:50:02.675021,13954.99,2451.71,691.7,244.64
2017-12-28 01:51:02.558689,13965.03,2451.77,692.66,244.64
2017-12-28 01:52:02.311331,14049.99,2450,693.29,245
2017-12-28 01:53:02.334031,14050.99,2451.36,693.29,245.16
2017-12-28 01:54:02.331545,14119.99,2452.7,693.81,245.53
2017-12-28 01:55:02.184043,14069.38,2453.98,693.97,245.23
2017-12-28 01:56:01.933065,14099.99,2459.98,696.2,245
2017-12-28 01:57:02.908048,14071.18,2459.91,695,245.23
2017-12-28 01:58:03.032605,14071.22,2453.99,695,245.33
2017-12-28 01:59:01.836265,14043.4,2453.97,695,245.1
2017-12-28 02:00:02.779604,14022.52,2450,695,245.01
2017-12-28 02:01:02.523799,14015.53,2441.79,695,244.92
2017-12-28 02:02:02.933864,14074.99,2453.63,695,244.92
2017-12-28 02:03:03.073887,14140.03,2448.81,694.87,244.92
2017-12-28 02:04:01.986293,14122.31,2451.53,694.87,244.92
2017-12-28 02:05:03.007033,14122.99,2451.53,694.05,244.92
2017-12-28 02:06:01.916981,14155.99,2454.54,694.83,244.92
2017-12-28 02:07:02.943902,14169.99,2455.55,694.85,244.99
2017-12-28 02:08:03.058527,14159.78,2462.98,694.99,246.24
2017-12-28 02:09:01.932811,14132.1,2462.59,694.99,246.45
2017-12-28 02:10:03.127604,14169.99,2459.02,695.12,246.47
2017-12-28 02:11:02.163893,14169.99,2459.99,695.12,246.47
2017-12-28 02:12:01.944711,14193.48,2464.21,696.88,246.47
2017-12-28 02:13:02.721198,14180.06,2459.99,697.3,247.38
2017-12-28 02:14:02.486954,14180.06,2459.99,697.64,246.81
2017-12-28 02:15:02.250448,14232.72,2459.99,698,247.4
2017-12-28 02:16:01.959277,14300,2460.01,701.18,247.7
2017-12-28 02:17:03.951073,14270.04,2464.99,702.7,247.98
2017-12-28 02:18:03.089406,14250,2465,702.7,247.79
2017-12-28 02:19:02.062018,14277.7,2465.93,702.7,247.98
2017-12-28 02:20:01.976769,14296.94,2467.65,702.69,248.47
2017-12-28 02:21:02.782981,14335.79,2468.99,704.81,249.06
2017-12-28 02:22:02.587619,14350.13,2470.75,704.2,248.95
2017-12-28 02:23:02.473367,14336.01,2489.01,704.15,248.99
2017-12-28 02:24:02.269279,14336.32,2493.02,704.59,249.22
2017-12-28 02:25:02.410546,14322.47,2493,704.61,249.2
2017-12-28 02:26:02.182287,14295.56,2490,704,247.49
2017-12-28 02:27:02.060682,14257.11,2467.21,701,247.35
2017-12-28 02:28:02.172345,14247.62,2472.43,700.88,247.5
2017-12-28 02:29:02.012518,14247.62,2472.43,700.88,247.5
2017-12-28 02:30:02.007127,14247.62,2467.28,701.06,248.59
2017-12-28 02:31:01.976199,14247.62,2469.88,701,248.5
2017-12-28 02:32:02.769151,14269.99,2469.99,701,248.72
2017-12-28 02:33:02.521880,14269.99,2469.99,701,248.7
2017-12-28 02:34:02.635773,14240.52,2466.05,700.08,247.62
2017-12-28 02:35:02.585013,14221.56,2467.09,698.69,247.69
2017-12-28 02:36:02.593603,14197.65,2467.8,697.36,247.43
2017-12-28 02:37:02.375403,14249.99,2468.99,700.3,248.25
2017-12-28 02:38:02.161618,14272.65,2474.46,700.98,248.26
2017-12-28 02:39:02.001659,14273.31,2474.99,701.49,248.49
2017-12-28 02:40:02.082499,14294.63,2472.08,701.5,248.73
2017-12-28 02:41:02.202723,14324.99,2474.98,702.81,248.99
2017-12-28 02:42:02.166405,14324.95,2479.99,703.67,249.28
2017-12-28 02:43:02.057470,14322.68,2481.25,703.99,249.28
2017-12-28 02:44:01.979366,14349.99,2484.99,704.29,249.28
2017-12-28 02:45:03.015205,14282.61,2484.99,704.28,249.28
2017-12-28 02:46:02.151252,14344.96,2489.48,703.67,249.27
2017-12-28 02:47:01.885458,14344.96,2489.44,703.32,249.27
2017-12-28 02:48:02.763438,14312.94,2489.47,701.98,249.09
2017-12-28 02:49:02.875276,14301.06,2489.47,702.06,249.09
2017-12-28 02:50:02.562405,14303.79,2489.44,702.5,249.28
2017-12-28 02:51:02.301437,14303.89,2489.44,702.5,249.22
2017-12-28 02:52:02.301140,14292.71,2486.01,702.6,249.2
2017-12-28 02:53:02.196514,14221.02,2473.02,700,248.11
2017-12-28 02:54:02.070096,14283.31,2473.4,700.08,248.98
2017-12-28 02:55:02.168469,14275.61,2483.88,701.67,249
2017-12-28 02:56:02.310258,14263.15,2481.65,701.82,248.76
2017-12-28 02:57:02.056668,14250.69,2481.14,701.26,249.11
2017-12-28 02:58:02.207499,14254.61,2474.86,701.67,248.99
2017-12-28 02:59:02.292139,14250.96,2474.89,701.87,248.99
2017-12-28 03:00:02.372375,14230.03,2474.88,700.77,248.21
2017-12-28 03:01:02.311853,14234.68,2475.69,700.77,248.21
2017-12-28 03:02:03.436274,14234.69,2460.18,700.77,248.06
2017-12-28 03:03:02.332249,14248.97,2473.44,700.77,248.47
2017-12-28 03:04:02.379457,14290.12,2478.37,701.61,248.5
2017-12-28 03:05:02.149720,14260.82,2480.64,701.61,248.49
2017-12-28 03:06:02.100936,14261.59,2482.09,701.49,248.49
2017-12-28 03:07:01.953917,14277.53,2484.93,701.49,248.79
2017-12-28 03:08:02.910396,14289.95,2484.99,701.49,248.97
2017-12-28 03:09:02.652700,14289.95,2488.41,701.64,248.99
2017-12-28 03:10:02.624054,14299.99,2479.01,702.04,248.99
2017-12-28 03:11:02.374740,14309.99,2479.32,702.53,248.99
2017-12-28 03:12:02.139364,14315,2479.32,703.24,249.4
2017-12-28 03:13:01.885491,14304.98,2479.27,702.28,249.4
2017-12-28 03:14:02.777375,14227.21,2479.26,702.04,249.37
2017-12-28 03:15:02.629366,14200.02,2479.03,699.32,248.49
2017-12-28 03:16:03.613560,14168.37,2479,698.4,248.48
2017-12-28 03:17:02.594359,14084.79,2461.44,692.88,247.74
2017-12-28 03:18:02.659281,14093.44,2460,694.42,247.74
2017-12-28 03:19:02.548439,14171.34,2465.64,695.39,247.74
2017-12-28 03:20:02.190978,14132.58,2470.92,696.18,247.74
2017-12-28 03:21:01.949181,14148.82,2466.07,695.73,247.74
2017-12-28 03:22:02.705853,14116.59,2463,696.18,247.68
2017-12-28 03:23:02.781621,14080,2460,693.91,247.07
2017-12-28 03:24:02.457358,14035,2442.17,692,246.3
2017-12-28 03:25:02.309390,14044.68,2443.27,693.66,246.3
2017-12-28 03:26:02.190228,14093.4,2443.27,696.03,246.26
2017-12-28 03:27:02.174039,14060,2449,695.07,246.26
2017-12-28 03:28:02.053407,14055.4,2450.79,696.17,246.26
2017-12-28 03:29:01.814188,14059.99,2447.11,696.13,246.26
2017-12-28 03:30:02.586951,14025.5,2447.14,694.7,246.03
2017-12-28 03:31:02.480312,14040.13,2447.14,694.8,246.09
2017-12-28 03:32:02.429232,14109.48,2454.34,695.01,246.69
2017-12-28 03:33:02.400792,14109.56,2453.56,695.02,246.69
2017-12-28 03:34:02.199901,14118.56,2454.94,695.89,246.69
2017-12-28 03:35:02.301478,14122,2461.34,695.89,246.69
2017-12-28 03:36:02.291259,14149.99,2461.85,695.97,246.69
2017-12-28 03:37:01.978130,14124.89,2450.04,695.99,246.69
2017-12-28 03:38:03.008540,14085.35,2456.05,696.17,246.69
2017-12-28 03:39:02.047654,14085.87,2455.01,696.18,246.69
2017-12-28 03:40:02.171380,14100.01,2457.29,696.18,246.69
2017-12-28 03:41:01.972809,14116.58,2455.14,696.18,246.69
2017-12-28 03:42:04.141693,14144.9,2459.53,696.18,246.69
2017-12-28 03:43:01.768201,14149.99,2459.99,696.18,246.69
2017-12-28 03:44:02.852233,14154,2458.65,697.88,246.69
2017-12-28 03:45:02.945102,14156.05,2458.65,697.88,246.7
2017-12-28 03:46:02.802480,14159.47,2458.65,698.99,246.97
2017-12-28 03:47:03.673620,14159.48,2458.9,699.75,247.68
2017-12-28 03:48:02.655134,14134.49,2459.8,699,247.68
2017-12-28 03:49:02.756004,14105.09,2458.64,697.6,247.68
2017-12-28 03:50:02.809000,14134.48,2451.18,698.81,247.68
2017-12-28 03:51:02.641411,14106.18,2452.53,698.7,247.68
2017-12-28 03:52:02.516013,14144.98,2452.84,699.37,247.68
2017-12-28 03:53:02.453004,14115.01,2449.98,698.78,247.68
2017-12-28 03:54:02.548882,14158.98,2454.99,699.43,247.68
2017-12-28 03:55:02.693652,14169.99,2454.99,697.62,248.22
2017-12-28 03:56:02.857119,14189.99,2456.74,699.89,248.42
2017-12-28 03:57:02.748346,14243.66,2459.8,699.88,248.51
2017-12-28 03:58:02.430474,14248.99,2464.86,699.88,248.96
2017-12-28 03:59:02.302873,14254.99,2464.96,699.99,249.25
2017-12-28 04:00:02.350451,14294.42,2468.95,700.94,249.37
2017-12-28 04:01:02.297205,14318.44,2473.45,700.96,249.81
2017-12-28 04:02:02.257769,14332.29,2477.38,700.99,249.75
2017-12-28 04:03:02.719008,14295.64,2478.37,700.99,249.28
2017-12-28 04:04:02.777290,14249.99,2478.49,700.96,248.96
2017-12-28 04:05:02.760639,14249.99,2478.49,700.96,248.94
2017-12-28 04:06:02.641609,14249.99,2478.49,700.99,249.07
2017-12-28 04:07:02.710442,14249.99,2473.44,701.68,249.07
2017-12-28 04:08:02.829816,14274.98,2473.44,701.98,249.07
2017-12-28 04:09:02.815377,14284.98,2473.44,701.18,248.77
2017-12-28 04:10:03.810386,14275.01,2473.44,701.18,249.08
2017-12-28 04:11:02.807202,14275.01,2474.89,701.18,248.96
2017-12-28 04:12:02.743074,14264.9,2474.89,698.71,248.96
2017-12-28 04:13:02.597347,14269.96,2474.89,698.72,248.93
2017-12-28 04:14:03.101543,14244.34,2474.89,700.42,249.24
2017-12-28 04:15:01.964252,14274.12,2474.89,700.3,249.09
2017-12-28 04:16:02.809588,14274.08,2474.89,700,249.11
2017-12-28 04:17:02.671394,14273.9,2474.89,700,249.11
2017-12-28 04:18:02.739768,14273.9,2474.89,701.57,249.25
2017-12-28 04:19:02.639963,14273.9,2474.89,701.1,249.26
2017-12-28 04:20:03.221206,14273.9,2474.89,701.26,249.26
2017-12-28 04:21:01.967419,14279.99,2474.89,702.34,249.72
2017-12-28 04:22:02.701589,14294.98,2474.89,701.93,249.71
2017-12-28 04:23:02.811510,14294.98,2474.99,702.35,249.79
2017-12-28 04:24:02.770200,14299.99,2478.49,702.51,249.96
2017-12-28 04:25:02.872130,14324.99,2478.49,702.79,249.97
2017-12-28 04:26:02.711919,14337.52,2478.49,702.89,249.97
2017-12-28 04:27:02.778483,14323.99,2478.49,702.89,249.97
2017-12-28 04:28:02.726007,14324.99,2478.49,703.99,249.99
2017-12-28 04:29:02.694820,14350.02,2494.82,704.26,250.85
2017-12-28 04:30:02.625157,14365.99,2492.08,704.26,251.01
2017-12-28 04:31:02.500379,14399.99,2496.36,704.26,251.49
2017-12-28 04:32:02.668013,14423.34,2496.36,704.26,251.88
2017-12-28 04:33:02.565628,14448.2,2496.47,704.26,252.66
2017-12-28 04:34:02.506001,14459.17,2496.6,704.26,252.73
2017-12-28 04:35:02.287273,14469.98,2496.99,704.84,252.73
2017-12-28 04:36:02.171586,14477.99,2497.27,704.84,252.73
2017-12-28 04:37:02.177537,14427.96,2501.99,704.97,253.12
2017-12-28 04:38:02.236162,14464.99,2501.99,704.97,253.06
2017-12-28 04:39:02.193049,14485.71,2502.26,706.36,253.92
2017-12-28 04:40:02.309180,14464.99,2508.77,706.43,253.92
2017-12-28 04:41:02.398305,14463.42,2514.67,706.43,252.36
2017-12-28 04:42:02.371939,14463.42,2506.57,706.92,252.67
2017-12-28 04:43:02.014690,14485.72,2505,706.92,253.62
2017-12-28 04:44:02.004479,14489.99,2512.39,706.96,253.54
2017-12-28 04:45:01.882663,14489.99,2508.7,706.95,253.54
2017-12-28 04:46:02.887603,14396.08,2500.01,703.95,252.72
2017-12-28 04:47:02.742456,14423.37,2494.16,704.62,252.72
2017-12-28 04:48:02.618643,14423.26,2494.16,705.48,252.92
2017-12-28 04:49:02.383455,14440.48,2496.8,705.48,252.82
2017-12-28 04:50:02.362249,14449.99,2499.98,706.34,252.78
2017-12-28 04:51:02.298204,14449.99,2499.6,704.31,252.69
2017-12-28 04:52:02.375605,14449.99,2496.93,704.19,252.69
2017-12-28 04:53:02.241569,14479.97,2499.67,704.19,252.83
2017-12-28 04:54:02.101233,14488.99,2499.67,704.19,253.13
2017-12-28 04:55:02.042497,14486.96,2499.67,704.19,253.19
2017-12-28 04:56:01.804879,14460,2499.67,704.19,252.95
2017-12-28 04:57:02.794884,14460,2491.72,704.28,252.94
2017-12-28 04:58:02.644689,14460,2492.51,702.98,252.94
2017-12-28 04:59:02.615526,14332.51,2480.45,702,251.09
2017-12-28 05:00:02.461688,14334.67,2481.89,702,251.09
2017-12-28 05:01:02.323963,14354.82,2481.89,702,251.48
2017-12-28 05:02:02.430455,14347.79,2477.13,702,251.68
2017-12-28 05:03:02.456665,14347.98,2479.98,702,251.71
2017-12-28 05:04:02.443580,14377.31,2480.4,702,251.69
2017-12-28 05:05:02.421002,14355.78,2472.63,702,251.43
2017-12-28 05:06:02.277531,14362.96,2479.96,702.41,251.39
2017-12-28 05:07:02.170332,14381.46,2479.96,703.61,251.43
2017-12-28 05:08:01.915940,14381.46,2479.96,704.06,251.8
2017-12-28 05:09:03.020242,14424.97,2479.96,704.05,252.13
2017-12-28 05:10:02.118950,14424,2479.96,705.02,252.48
2017-12-28 05:11:02.024612,14424,2479.96,705.02,252.46
2017-12-28 05:12:01.666257,14417.98,2479.96,705.02,252.47
2017-12-28 05:13:02.734018,14400,2479.96,704.56,252.05
2017-12-28 05:14:02.565126,14400,2479.96,704.56,251.67
2017-12-28 05:15:02.432720,14388.99,2479.96,703.99,251.67
2017-12-28 05:16:02.415724,14389.3,2479.96,703.98,251.67
2017-12-28 05:17:02.450385,14389.23,2479.95,704.4,251.67
2017-12-28 05:18:02.307602,14375,2479.95,703.01,251.67
2017-12-28 05:19:02.310497,14353.95,2478.71,702.3,250.9
2017-12-28 05:20:02.157708,14339.3,2478.71,703.08,250.5
2017-12-28 05:21:02.480513,14330.24,2476.01,703.08,250.78
2017-12-28 05:22:03.324404,14330.24,2475,702.15,250.57
2017-12-28 05:23:02.395918,14330.24,2475,703.08,250.58
2017-12-28 05:24:02.450297,14330.24,2475,703.08,250.45
2017-12-28 05:25:02.573863,14330.24,2474.06,703.08,250.45
2017-12-28 05:26:02.427882,14365.92,2474.64,703.08,250.59
2017-12-28 05:27:02.535709,14365.92,2474.64,703.08,250.74
2017-12-28 05:28:02.333087,14365.91,2474.64,703.08,250.65
2017-12-28 05:29:02.171590,14340.94,2474.64,703.08,250.57
2017-12-28 05:30:02.237762,14316.48,2474.64,703.05,250.47
2017-12-28 05:31:02.096596,14316.48,2468.89,702,249.79
2017-12-28 05:32:01.945399,14316.48,2468.89,702.27,249.79
2017-12-28 05:33:03.046118,14303.95,2468.08,702.25,249.41
2017-12-28 05:34:01.884802,14285.91,2467.97,700.3,249.21
2017-12-28 05:35:02.670490,14274.97,2460,700.3,248.6
2017-12-28 05:36:03.444116,14240.17,2450.01,698.99,248
2017-12-28 05:37:02.450524,14173.07,2437.64,696.5,247.37
2017-12-28 05:38:02.509530,14173.07,2428.94,696.5,247.37
2017-12-28 05:39:02.491199,14140.02,2429.1,696.5,247.06
2017-12-28 05:40:02.460576,14115,2419.31,694.36,246
2017-12-28 05:41:02.180696,14124,2419.31,694.9,246
2017-12-28 05:42:02.151377,14139.99,2420.31,696.1,246
2017-12-28 05:43:02.083163,14115.11,2417.63,693.69,245.65
2017-12-28 05:44:01.933822,14115,2417.63,693.69,245.65
2017-12-28 05:45:03.001327,14122.32,2414.91,692.59,245.66
2017-12-28 05:46:02.065518,14122.32,2403.37,694.61,245.98
2017-12-28 05:47:02.132412,14121,2403.37,693.94,245.96
2017-12-28 05:48:02.253486,14112.06,2403.37,694.7,245.98
2017-12-28 05:49:02.277200,14112.06,2412.01,694.71,246.45
2017-12-28 05:50:03.389229,14133.45,2413.37,694.78,246.45
2017-12-28 05:51:02.314884,14114.13,2410,691.38,246.45
2017-12-28 05:52:03.167324,14111.01,2410.03,691.42,246.45
2017-12-28 05:53:01.926161,14096.93,2411.41,692.95,246.45
2017-12-28 05:54:02.849227,14033,2410,691.11,245.7
2017-12-28 05:55:02.734656,13990.88,2400,690.11,245.1
2017-12-28 05:56:02.592599,13969.34,2400,690,245.1
2017-12-28 05:57:02.543062,13900,2361.77,686.12,244.5
2017-12-28 05:58:02.513046,13850,2361.77,686.1,243.76
2017-12-28 05:59:02.421447,13812.87,2359.61,686,243.7
2017-12-28 06:00:02.186698,13814,2353,686,243.67
2017-12-28 06:01:02.147029,13847.85,2353.53,685.7,242.51
2017-12-28 06:02:01.986871,13888.75,2360.25,685.7,242.5
2017-12-28 06:03:02.854793,13830.01,2361.59,685.7,242.3
2017-12-28 06:04:02.924647,13806.1,2353,685.5,242.15
2017-12-28 06:05:02.787941,13806.1,2353,685.17,242.15
2017-12-28 06:06:02.632724,13831.88,2353.01,685.29,242.07
2017-12-28 06:07:02.518367,13870.27,2354.99,685.12,241.9
2017-12-28 06:08:02.371414,13810.01,2361.23,685.01,241.74
2017-12-28 06:09:02.242485,13810,2361.63,685,240.39
2017-12-28 06:10:02.228460,13810,2363.68,685,240.26
2017-12-28 06:11:02.378521,13820,2362.41,685,240.26
2017-12-28 06:12:07.708579,13819.71,2368.87,683.13,240.11
2017-12-28 06:13:02.566078,13819.71,2370.92,683.85,240
2017-12-28 06:14:02.469600,13896.01,2380.14,685.73,240.12
2017-12-28 06:15:02.455286,13842.8,2384.82,684.52,240.57
2017-12-28 06:16:02.317914,13850,2386.39,684.53,240.72
2017-12-28 06:17:02.286111,13819.89,2384.51,684.4,240.14
2017-12-28 06:18:02.153779,13847.37,2393.01,684.84,240.6
2017-12-28 06:19:02.212088,13875.85,2400.54,686.53,240.83
2017-12-28 06:20:02.167712,13847.57,2403.05,684.93,240.83
2017-12-28 06:21:01.974198,13844.13,2393.83,685.42,240.62
2017-12-28 06:22:02.919151,13858.43,2408.53,688.2,241.29
2017-12-28 06:23:03.017387,13865.01,2412.18,688,241.49
2017-12-28 06:24:01.964503,13880.49,2414.03,690,242.33
2017-12-28 06:25:02.756372,14004.95,2431.75,690,243.02
2017-12-28 06:26:02.172651,13970,2442.06,690.61,243.25
2017-12-28 06:27:02.115094,13919.99,2412.15,690.01,243.04
2017-12-28 06:28:01.999817,13997.57,2429.99,690.01,243.65
2017-12-28 06:29:01.899208,14000,2437.22,690.34,243.64
2017-12-28 06:30:02.920839,13968.5,2437.17,691.2,243.96
2017-12-28 06:31:02.675309,13969.04,2437.17,691.28,243.96
2017-12-28 06:32:02.639270,13970,2427.32,688.55,244.03
2017-12-28 06:33:03.814056,13969.05,2432.63,691.17,244
2017-12-28 06:34:02.876191,13925,2428.88,691.17,242.82
2017-12-28 06:35:02.953005,13885.26,2415.01,689.01,241.75
2017-12-28 06:36:02.903442,13900,2412.3,689.19,242.1
2017-12-28 06:37:02.628801,13852.8,2405.59,688.3,241.49
2017-12-28 06:38:03.057817,13882,2405.86,688.32,241.67
2017-12-28 06:39:01.865162,13887.37,2396.19,688.45,241.19
2017-12-28 06:40:02.839429,13887.37,2399.47,691.07,241.58
2017-12-28 06:41:02.800050,13962.36,2399.47,690.04,241.98
2017-12-28 06:42:03.745259,13980.04,2411.97,690.05,242.32
2017-12-28 06:43:03.647278,13975,2411.97,690,242.21
2017-12-28 06:44:02.731550,13956.98,2403.02,690,242.8
2017-12-28 06:45:02.790790,13946.99,2411.15,690.59,242.99
2017-12-28 06:46:02.772340,13964.36,2411.33,690.66,242.99
2017-12-28 06:47:02.636059,13969.99,2420.3,691.6,242.95
2017-12-28 06:48:02.280551,13978.89,2420.3,691.6,243
2017-12-28 06:49:04.381959,13962.25,2420.3,691.6,243.03
2017-12-28 06:50:02.250724,13950,2413.76,690.12,243.08
2017-12-28 06:51:02.235765,13970,2415.81,690.11,243.09
2017-12-28 06:52:02.080127,13961.34,2414.38,690.11,243.12
2017-12-28 06:53:02.471917,13969.98,2403.14,690.13,243.12
2017-12-28 06:54:02.602792,13987.99,2414,690.13,243.13
2017-12-28 06:55:02.697988,13995,2415.22,690.51,243.37
2017-12-28 06:56:02.345950,14064.92,2418.99,692.71,243.99
2017-12-28 06:57:02.505368,14075,2419.99,692.71,244
2017-12-28 06:58:02.635133,14044.72,2419.99,693.01,244.42
2017-12-28 06:59:02.267490,14074.57,2419.38,693.98,244.42
2017-12-28 07:01:02.245348,14085.04,2424.9,694.55,245.53
2017-12-28 07:02:02.116668,14024.74,2401.08,694.12,244.86
2017-12-28 07:03:01.999336,13991.51,2407.79,694.12,245.09
2017-12-28 07:04:01.963163,14009.85,2405.47,694,245.35
2017-12-28 07:05:03.996159,14010.02,2403.05,694,244.93
2017-12-28 07:06:01.958798,14029.36,2405.36,693.73,244.89
2017-12-28 07:07:02.951933,14000,2408.5,692.3,244.89
2017-12-28 07:08:03.098536,14063.18,2411,693.72,245.02
2017-12-28 07:09:02.091426,14016.77,2413.75,693.74,245.06
2017-12-28 07:10:02.186210,14028.25,2413.85,693.82,245.34
2017-12-28 07:11:02.282536,14028.19,2415,694,245.18
2017-12-28 07:12:02.264075,14047.12,2417.05,694.79,245.24
2017-12-28 07:13:02.227637,14051.6,2417.58,694.79,245.63
2017-12-28 07:14:02.017147,14051.99,2416.1,694.81,245.85
2017-12-28 07:15:01.986503,14059.98,2416.1,694.56,246.11
2017-12-28 07:16:02.885455,14060.21,2416,694.79,246.17
2017-12-28 07:17:02.637307,14059.99,2417.49,694.81,246.32
2017-12-28 07:18:02.779971,13987.55,2416,694.29,245.63
2017-12-28 07:19:03.147618,13974,2410.01,692.22,245.39
2017-12-28 07:20:02.230317,13965.01,2410,693,244.89
2017-12-28 07:21:02.284502,13965,2406.95,692.47,244.9
2017-12-28 07:22:02.156874,13980.24,2409.81,693.33,244.75
2017-12-28 07:23:02.288741,13973.71,2391.36,692.24,243.99
2017-12-28 07:24:02.058082,13938.04,2387.12,691.6,243.37
2017-12-28 07:25:01.811658,13976.7,2395.74,692.01,243.99
2017-12-28 07:26:02.581821,13990.05,2399.99,693.9,244.61
2017-12-28 07:27:02.553618,13990.05,2390.07,692.38,243.99
2017-12-28 07:28:03.411781,13994.99,2392.98,694.12,243.96
2017-12-28 07:29:02.377600,14004.05,2390.62,693.54,244.46
2017-12-28 07:30:03.219814,14015.17,2392.06,693.53,244.67
2017-12-28 07:31:02.199791,14017.94,2392.41,694.33,244.95
2017-12-28 07:32:02.321197,14028.93,2390.88,693.68,244.75
2017-12-28 07:33:02.180559,14000,2387.85,691.77,244.76
2017-12-28 07:34:02.053371,13983.26,2388.04,691.77,244.76
2017-12-28 07:35:02.146131,13950.72,2387.98,691.77,244.36
2017-12-28 07:36:02.096135,14000,2393.79,691.77,244.36
2017-12-28 07:37:02.193759,14006.99,2393.98,691.77,244.48
2017-12-28 07:38:02.072236,14007,2393.99,691.29,244.32
2017-12-28 07:39:02.188004,14007,2393.99,692.78,244.83
2017-12-28 07:40:02.101044,14043.67,2394.99,694.34,244.95
2017-12-28 07:41:02.032236,14127.17,2401.64,695.42,246.38
2017-12-28 07:42:01.989710,14164.95,2401.35,695.99,246.55
2017-12-28 07:43:02.892077,14180,2405.89,696.55,246.8
